{
  "rel_error": 0.4187759693349152,
  "RMSE": 0.002974896714994925,
  "NMSE": 0.17537331250112603,
  "NMSE_dB": -7.56036494865794,
  "contract_time_sec": 0.004729315999952632,
  "emit_time_sec": 7.828000207155128e-06,
  "total_time_sec": 0.0047371440001597875,
  "t_contract_ratio": 0.9983475272853772,
  "exact_total_time_sec": 0.002947693999999501,
  "speedup_vs_exact": 0.6222512972537507
}