case,exact_time_sec,fixed_rank_rel_error,fixed_rank_speedup,astnc_l2_rel_error,astnc_l2_speedup
Ring-8,3.350155399997069,0.8057554395559248,112.70383814840862,0.0018268661464925257,41.61397684789854
Tree-8,1.0964131333300127,0.6524278703147116,59.52652618555481,0.00481019892737043,45.875858287414204
Grid 3x3,47.24686450000687,0.9789127199918946,444.0141464224758,0.004077588633579595,88.44988359117853
Random-8,0.7339315333301784,0.9283189703797118,31.530467267461127,2.0899580168572265e-14,8.96813855060873
summary,,,,0.0026786634268658625,35.07969022572813
