case,exact_time_sec,fixed_rank_rel_error,fixed_rank_speedup,astnc_l2_rel_error,astnc_l2_speedup
Ring-8,3.350155399997069,0.8057554395559248,112.70383814840862,0.0018268661464925257,41.61397684789854
Tree-8,1.0964131333300127,0.6524278703147116,59.52652618555481,0.00481019892737043,45.875858287414204
Grid 3x3,47.24686450000687,0.9789127199918946,444.0141464224758,0.005312411912868509,52.45162373774443
Random-8,0.7339315333301784,0.9283189703797118,31.530467267461127,0.002414785572449146,6.645585137460099
summary,,,,0.0035910656397951527,28.561360885091776
