case,setting,rel_error,total_time_sec,time_ratio_vs_default
Grid 3x3,ASTNC (default),0.005312411912868509,0.9007702933323647,1.0
Grid 3x3,no-blockwise,0.01063955577435304,0.5265432000002571,0.5845476964524785
Grid 3x3,no-implicit,0.004077588633579625,1.1791734666658158,1.3090723299760578
