case,t_contract_ratio,t_emit_ratio,contraction_speedup,total_speedup
Ring-8,0.9995296146001272,0.0004703610099698518,41.63277134272758,41.61397684789854
Tree-8,0.9985855733981605,0.0013417257270241434,45.93549946102124,45.875858287414204
Grid 3x3,0.999747449323256,0.00043208450692780486,52.47411566384635,52.45162373774443
Random-8,0.9996080793661376,0.0002718847285462747,6.646865934538892,6.645585137460099
Average,0.9993676791719204,0.0006290139931170186,36.672313100533515,36.64676100262932
